Job Title,Company Name,Job Link
Python Developer / AI Specialist,"Innovate DevX, Lahore , Pakistan",https://www.rozee.pk/innovate-devx-python-developer-ai-specialist-lahore-jobs-1470692?utm_source=jobSearch&utm_medium=website&utm_content=jobSearch_1470692&utm_campaign=ROZEE.PK_job_search
Python / ERP Next Developer,"Codes Soft, Karachi , Pakistan",https://www.rozee.pk/codes-soft-python-erp-next-developer-karachi-jobs-1470086?utm_source=jobSearch&utm_medium=website&utm_content=jobSearch_1470086&utm_campaign=ROZEE.PK_job_search
Python Developer,"ApexFits, Faisalabad , Pakistan",https://www.rozee.pk/apexfits-python-developer-faisalabad-jobs-1469526?utm_source=jobSearch&utm_medium=website&utm_content=jobSearch_1469526&utm_campaign=ROZEE.PK_job_search
Python Programmer,"Immi Garments (Pvt) Ltd., Lahore , Pakistan",https://www.rozee.pk/immi-garments-pvt-ltd-python-programmer-lahore-jobs-1465863?utm_source=jobSearch&utm_medium=website&utm_content=jobSearch_1465863&utm_campaign=ROZEE.PK_job_search
Python / Django Developer,"The CoolSoft, Lahore , Pakistan",https://www.rozee.pk/the-coolsoft-python-django-developer-lahore-jobs-1472388?utm_source=jobSearch&utm_medium=website&utm_content=jobSearch_1472388&utm_campaign=ROZEE.PK_job_search
Python Developer,"I Nodes, Lahore , Pakistan",https://www.rozee.pk/i-nodes-python-developer-lahore-jobs-1469196?utm_source=jobSearch&utm_medium=website&utm_content=jobSearch_1469196&utm_campaign=ROZEE.PK_job_search
Python Developer,"Talent Tide Global, , Pakistan",https://www.rozee.pk/talent-tide-global-python-developer-lahoreislamkotpeshawar-jobs-1471554?utm_source=jobSearch&utm_medium=website&utm_content=jobSearch_1471554&utm_campaign=ROZEE.PK_job_search
Python Developer,"URE SOFT, Lahore , Pakistan",https://www.rozee.pk/uresoft-python-developer-lahore-jobs-1467076?utm_source=jobSearch&utm_medium=website&utm_content=jobSearch_1467076&utm_campaign=ROZEE.PK_job_search
Python Django Developer,"BariTechSol, Karachi , Pakistan",https://www.rozee.pk/baritechsol-python-django-developer-karachi-jobs-1469536?utm_source=jobSearch&utm_medium=website&utm_content=jobSearch_1469536&utm_campaign=ROZEE.PK_job_search
Senior Python Developer,"Rayymen Technologies Private Limited, Lahore , Pakistan",https://www.rozee.pk/rayymen-technologies-private-limited-senior-python-developer-lahore-jobs-1461553?utm_source=jobSearch&utm_medium=website&utm_content=jobSearch_1461553&utm_campaign=ROZEE.PK_job_search
Python Django Developer,"BariTechSol, Karachi , Pakistan",https://www.rozee.pk/baritechsol-python-django-developer-karachi-jobs-1467482?utm_source=jobSearch&utm_medium=website&utm_content=jobSearch_1467482&utm_campaign=ROZEE.PK_job_search
Software Engineer - Python / AI,"Phonicly, Lahore , Pakistan",https://www.rozee.pk/phonicly-software-engineer-python-ai-lahore-jobs-1468642?utm_source=jobSearch&utm_medium=website&utm_content=jobSearch_1468642&utm_campaign=ROZEE.PK_job_search
Backend Developer (Python),"Falcon Consulting, Lahore , Pakistan",https://www.rozee.pk/falcon-consulting-backend-developer-python-lahore-jobs-1465395?utm_source=jobSearch&utm_medium=website&utm_content=jobSearch_1465395&utm_campaign=ROZEE.PK_job_search
Python / Django / Backend Developer,"North Rays Pvt Ltd, Lahore , Pakistan",https://www.rozee.pk/north-rays-pvt-ltd-python-django-backend-developer-lahore-jobs-1467724?utm_source=jobSearch&utm_medium=website&utm_content=jobSearch_1467724&utm_campaign=ROZEE.PK_job_search
Call Center Agent,"Python Technologies, Rawalpindi , Pakistan",https://www.rozee.pk/python-technologies-call-center-agent-rawalpindi-jobs-1464105?utm_source=jobSearch&utm_medium=website&utm_content=jobSearch_1464105&utm_campaign=ROZEE.PK_job_search
Python / Django Developer,"URE SOFT, Lahore , Pakistan",https://www.rozee.pk/uee-soft-python-django-developer-lahore-jobs-1467096?utm_source=jobSearch&utm_medium=website&utm_content=jobSearch_1467096&utm_campaign=ROZEE.PK_job_search
RPA Developer UIPath,"Powersoft19, Lahore , Pakistan",https://www.rozee.pk/powersoft19-rpa-developer-uipath-lahore-jobs-1472690?utm_source=jobSearch&utm_medium=website&utm_content=jobSearch_1472690&utm_campaign=ROZEE.PK_job_search
Data Engineer,"Horizon Technologies, Karachi , Pakistan",https://www.rozee.pk/horizon-technologies-data-engineer-karachi-jobs-1470514?utm_source=jobSearch&utm_medium=website&utm_content=jobSearch_1470514&utm_campaign=ROZEE.PK_job_search
Software Engineer,"UnQa, Lahore , Pakistan",https://www.rozee.pk/unqa-software-engineer-lahore-jobs-1469650?utm_source=jobSearch&utm_medium=website&utm_content=jobSearch_1469650&utm_campaign=ROZEE.PK_job_search
ERPNext / Odoo Developer,"Codes Soft, Karachi , Pakistan",https://www.rozee.pk/codes-soft-erpnext-odoo-developer-karachi-jobs-1470088?utm_source=jobSearch&utm_medium=website&utm_content=jobSearch_1470088&utm_campaign=ROZEE.PK_job_search
SaaS Accounting Software Development,CodeFlow,https://www.rozee.pk/codeflow-saas-accounting-software-development-jobs-1466049?utm_source=jobSearch&utm_medium=website&utm_content=jobSearch_1466049&utm_campaign=ROZEE.PK_job_search
